Stage,Feature Category,Feature Name,Detailed Description,Platform Focus,Timeline,Priority
Stage 1: Auto-posting & Seeding,Auto-posting Engine,Scheduled Cross-posting,"Core system to schedule and automatically publish posts, reels, and videos. Primary publishing on Facebook with automated cross-posting to Instagram.","Facebook, Instagram",Day 1-2,High
Stage 1: Auto-posting & Seeding,Analytics & AI Learning,Performance Insights & AI Suggestions,"Ingest post performance metrics (Reach, Engagement). Use AI to extract learnings and suggest content improvements for future campaigns.",Facebook,Day 3,High
Stage 1: Auto-posting & Seeding,Seeding Infrastructure,Large-Scale Anti-detect Seeding System,"Robust infrastructure supporting 50+ automated accounts. Integrates residential proxies, session management, and anti-detect browser mechanics to safely automate Reacts, Comments, and Shares.",Facebook,Day 4-6,High
Stage 1: Auto-posting & Seeding,Seeding Infrastructure,Persona & Tone of Voice Config,"Configure unique 'Tone of Voice' and persona profiles for individual seeding accounts to ensure organic, context-aware comments generated by AI.",Facebook,Day 7,High
Stage 2: Content Generation,AI Video Generation,Programmatic Video (Remotion),Automated pipeline using Remotion to generate dynamic short-form videos and highlights based on incoming data and AI suggestions.,N/A,Day 8-9,Medium
Stage 2: Content Generation,AI Image Generation,Dynamic Banners & Social Cards,"Automated generation of static visual assets (banners, social cards) using programmatic tools (Satori, Sharp, ComfyUI).",N/A,Day 10,Medium
Stage 2: Content Generation,AI Text Generation,Contextual Captioning,"Auto-generate post captions, hashtags, and call-to-actions tailored by the AI learnings derived in Stage 1.",N/A,Day 11,Medium
Stage 3: Data Scraping,FB Data Scraping,Targeted Content Extraction,"Automated scrapers to pull trending posts, metrics, and content from specific Facebook Pages, Groups, and keyword searches.",Facebook,Day 12-13,Low
Stage 3: Data Scraping,Data Curation,Raw Data Processing,"Filter, clean, and organize scraped Facebook data into a structured format to act as raw material for Stage 2 Content Generation.",Facebook,Day 14,Low
